<Scomar82_ElementalAmmo>
	<append xpath="/items">
		<!--	FIRE BULLETS	-->
		<item name="ammo9mmFire">
			<property name="Tags" value="ammo,ammo9mm"/>
			<property name="DisplayType" value="ammoBullet"/>
			<property name="CustomIcon" value="ammo9mmFire"/>
			<property name="HoldType" value="45"/>
			<property name="Meshfile" value="@:Other/Items/Misc/sackPrefab.prefab"/>
			<property name="DropMeshfile" value="@:Other/Items/Misc/sack_droppedPrefab.prefab"/>
			<property name="Material" value="Mlead_scrap"/>
			<property name="MeltTimePerUnit" value=".4"/>
			<property name="Stacknumber" value="300"/> 
			<property name="EconomicValue" value="14"/>
			<property name="TraderStageTemplate" value="ammoTier2"/>
			<property name="UnlockedBy" value="perkAdvancedEngineering"/>
			<property name="SoundPickup" value="bullets_grab"/>
			<property name="SoundPlace" value="bullets_place"/>
			<property name="Group" value="Ammo/Weapons,Ammo,Ranged Weapons"/>
			
			<effect_group name="ammo9mmFire" tiered="false">
				<passive_effect name="EntityDamage" operation="base_set" value="32" tags="perkGunslinger,9mmGun"/>
				<passive_effect name="BlockDamage" operation="base_set" value="6" tags="perkGunslinger"/>
				<passive_effect name="BlockDamage" operation="base_add" value="18" tags="barrelExplosive"/>
				<passive_effect name="DamageModifier" operation="perc_add" value="-.8" tags="earth"/>
				<passive_effect name="DamageModifier" operation="perc_add" value="2" tags="wood"/>
			</effect_group>

			<effect_group tiered="false">
				<triggered_effect trigger="onSelfDamagedOther" action="ModifyCVar" target="other" range="2.7" cvar="buffBurningMolotovDuration" operation="set" value="16">
					<requirement name="ProgressionLevel" progression_name="perkFiremansAlmanacMolotov" operation="Equals" value="0"/></triggered_effect>
				<triggered_effect trigger="onSelfDamagedOther" action="ModifyCVar" target="other" range="2.7" cvar="buffBurningMolotovDuration" operation="set" value="17">
					<requirement name="ProgressionLevel" progression_name="perkFiremansAlmanacMolotov" operation="NotEquals" value="0"/></triggered_effect>
				<triggered_effect trigger="onSelfDamagedOther" action="AddBuff" target="other" range="2.7" buff="buffBurningMolotov">			
					<requirement name="CVarCompare" target="other" cvar="_underwater" operation="LT" value="0.3"/>
				</triggered_effect>

				<display_value name="dExDamageFire" value="250"/>
				<passive_effect name="EntityDamage" operation="base_set" value="5" tags="perkDemolitionsExpert"/>
				<passive_effect name="BlockDamage" operation="base_set" value="5" tags="perkDemolitionsExpert"/>
				<display_value name="dExRadius" value="3"/>
				<display_value name="dDuration" value="16"/>

				<triggered_effect trigger="onSelfWaterSubmerge" action="ResetHeldItem"/>
			</effect_group>
		</item>
		
		<item name="ammo762mmFire">
			<property name="Extends" value="ammo9mmFire"/>
			<property name="Tags" value="ammo762mm"/>
			<property name="CustomIcon" value="ammo762mmFire"/>
			<property name="Stacknumber" value="150"/> <!-- STK ammo low -->
			<property name="EconomicValue" value="16"/>
			<property name="TraderStageTemplate" value="ammoTier2"/>
			<property name="UnlockedBy" value="perkAdvancedEngineering"/>
			<property name="SoundPickup" value="bullets_grab"/>
			<property name="SoundPlace" value="bullets_place"/>
			
			<effect_group name="ammo762mmFire" tiered="false">
				<passive_effect name="EntityDamage" operation="base_set" value="47" tags="perkDeadEye,perkMachineGunner"/>
				<passive_effect name="BlockDamage" operation="base_set" value="8" tags="perkDeadEye,perkMachineGunner"/>
				<passive_effect name="BlockDamage" operation="base_add" value="16" tags="barrelExplosive"/>
				<passive_effect name="DamageModifier" operation="perc_add" value="-.8" tags="earth"/>
				<passive_effect name="DamageModifier" operation="perc_add" value="2" tags="wood"/>
			</effect_group>

			<effect_group tiered="false">
				<triggered_effect trigger="onSelfDamagedOther" action="ModifyCVar" target="other" range="2.7" cvar="buffBurningMolotovDuration" operation="set" value="16">
					<requirement name="ProgressionLevel" progression_name="perkFiremansAlmanacMolotov" operation="Equals" value="0"/></triggered_effect>
				<triggered_effect trigger="onSelfDamagedOther" action="ModifyCVar" target="other" range="2.7" cvar="buffBurningMolotovDuration" operation="set" value="17">
					<requirement name="ProgressionLevel" progression_name="perkFiremansAlmanacMolotov" operation="NotEquals" value="0"/></triggered_effect>
				<triggered_effect trigger="onSelfDamagedOther" action="AddBuff" target="other" range="2.7" buff="buffBurningMolotov">			
					<requirement name="CVarCompare" target="other" cvar="_underwater" operation="LT" value="0.3"/>
				</triggered_effect>

				<display_value name="dExDamageFire" value="250"/>
				<passive_effect name="EntityDamage" operation="base_set" value="5" tags="perkDemolitionsExpert"/>
				<passive_effect name="BlockDamage" operation="base_set" value="5" tags="perkDemolitionsExpert"/>
				<display_value name="dExRadius" value="3"/>
				<display_value name="dDuration" value="16"/>

				<triggered_effect trigger="onSelfWaterSubmerge" action="ResetHeldItem"/>
			</effect_group>

		</item>
		
		<item name="ammo44MagnumFire">
			<property name="Extends" value="ammo9mmFire"/>
			<property name="Tags" value="ammo44Mag"/>
			<property name="CustomIcon" value="ammo44MagnumFire"/>
			<property name="EconomicValue" value="15"/>
			<property name="TraderStageTemplate" value="ammoTier2"/>
			<property name="UnlockedBy" value="perkAdvancedEngineering"/>
			<property name="SoundPickup" value="bullets_grab"/>
			<property name="SoundPlace" value="bullets_place"/>
			
			<effect_group name="ammo44MagnumFire" tiered="false">
				<passive_effect name="EntityDamage" operation="base_set" value="70" tags="perkGunslinger,revolver"/>
				<passive_effect name="BlockDamage" operation="base_set" value="12" tags="perkGunslinger"/>
				<passive_effect name="BlockDamage" operation="base_add" value="12" tags="barrelExplosive"/>
				<passive_effect name="EntityPenetrationCount" operation="base_set" value="1" tags="perkGunslinger">
					<requirement name="ProgressionLevel" progression_name="perkEnforcerComplete" operation="Equals" value="1"/>
				</passive_effect>
				<passive_effect name="DamageModifier" operation="perc_add" value="-.8" tags="earth"/>
				<passive_effect name="DamageModifier" operation="perc_add" value="2" tags="wood"/>
			</effect_group>
			<effect_group tiered="false">
				<triggered_effect trigger="onSelfDamagedOther" action="ModifyCVar" target="other" range="2.7" cvar="buffBurningMolotovDuration" operation="set" value="16">
					<requirement name="ProgressionLevel" progression_name="perkFiremansAlmanacMolotov" operation="Equals" value="0"/></triggered_effect>
				<triggered_effect trigger="onSelfDamagedOther" action="ModifyCVar" target="other" range="2.7" cvar="buffBurningMolotovDuration" operation="set" value="17">
					<requirement name="ProgressionLevel" progression_name="perkFiremansAlmanacMolotov" operation="NotEquals" value="0"/></triggered_effect>
				<triggered_effect trigger="onSelfDamagedOther" action="AddBuff" target="other" range="2.7" buff="buffBurningMolotov">			
					<requirement name="CVarCompare" target="other" cvar="_underwater" operation="LT" value="0.3"/>
				</triggered_effect>

				<display_value name="dExDamageFire" value="250"/>
				<passive_effect name="EntityDamage" operation="base_set" value="5" tags="perkDemolitionsExpert"/>
				<passive_effect name="BlockDamage" operation="base_set" value="5" tags="perkDemolitionsExpert"/>
				<display_value name="dExRadius" value="3"/>
				<display_value name="dDuration" value="16"/>

				<triggered_effect trigger="onSelfWaterSubmerge" action="ResetHeldItem"/>
			</effect_group>
		</item>
		
		<item name="ammoShotgunSlugFire">
			<property name="Tags" value="ammo,shotgun,ammoShells"/>
			<property name="DisplayType" value="ammoShotgun"/>
			<property name="CustomIcon" value="ammoShotgunSlugFire"/>
			<property name="HoldType" value="45"/>
			<property name="Meshfile" value="@:Other/Items/Misc/sackPrefab.prefab"/>
			<property name="DropMeshfile" value="@:Other/Items/Misc/sack_droppedPrefab.prefab"/>
			<property name="Material" value="MresourceScrapPolymers"/>
			<property name="Stacknumber" value="150"/> 
			<property name="EconomicValue" value="20"/>
			<property name="TraderStageTemplate" value="ammoTier2"/>
			<property name="UnlockedBy" value="perkAdvancedEngineering"/>
			<property name="SoundPickup" value="shotgunshells_grab"/>
			<property name="SoundPlace" value="shotgunshells_place"/>
			<property name="Group" value="Ammo/Weapons,Ammo,Ranged Weapons"/>
			
			<effect_group name="ammoShotgunSlugFire" tiered="false">
				<passive_effect name="EntityDamage" operation="base_set" value="102" tags="perkBoomstick"/>
				<passive_effect name="BlockDamage" operation="base_set" value="80" tags="perkBoomstick"/>
				<passive_effect name="BlockDamage" operation="base_add" value="200" tags="wood"/>
				<passive_effect name="RoundRayCount" operation="base_set" value="1" tags="perkBoomstick"/>
				<passive_effect name="MaxRange" operation="base_set" value="18" tags="perkBoomstick"/>
				<passive_effect name="DamageFalloffRange" operation="base_set" value="9" tags="perkBoomstick"/>
				<passive_effect name="SpreadDegreesVertical" operation="base_set" value="2.4" tags="perkBoomstick"/>
				<passive_effect name="SpreadDegreesHorizontal" operation="base_set" value="2.4" tags="perkBoomstick"/>
				<passive_effect name="SpreadMultiplierAiming" operation="perc_add" value="-.35" tags="perkBoomstick"/>
				<passive_effect name="SpreadMultiplierCrouching" operation="perc_add" value="-.05" tags="perkBoomstick"/>
				<passive_effect name="SpreadMultiplierWalking" operation="perc_add" value=".15" tags="perkBoomstick"/>
				<passive_effect name="SpreadMultiplierRunning" operation="perc_add" value=".3" tags="perkBoomstick"/>
				<passive_effect name="DamageModifier" operation="perc_add" value="-.8" tags="earth"/>

				</effect_group>
					<effect_group tiered="false">
				<triggered_effect trigger="onSelfDamagedOther" action="ModifyCVar" target="other" range="2.7" cvar="buffBurningMolotovDuration" operation="set" value="16">
					<requirement name="ProgressionLevel" progression_name="perkFiremansAlmanacMolotov" operation="Equals" value="0"/></triggered_effect>
				<triggered_effect trigger="onSelfDamagedOther" action="ModifyCVar" target="other" range="2.7" cvar="buffBurningMolotovDuration" operation="set" value="17">
					<requirement name="ProgressionLevel" progression_name="perkFiremansAlmanacMolotov" operation="NotEquals" value="0"/></triggered_effect>
				<triggered_effect trigger="onSelfDamagedOther" action="AddBuff" target="other" range="2.7" buff="buffBurningMolotov">			
					<requirement name="CVarCompare" target="other" cvar="_underwater" operation="LT" value="0.3"/>
				</triggered_effect>

				<display_value name="dExDamageFire" value="250"/>
				<passive_effect name="EntityDamage" operation="base_set" value="5" tags="perkDemolitionsExpert"/>
				<passive_effect name="BlockDamage" operation="base_set" value="5" tags="perkDemolitionsExpert"/>
				<display_value name="dExRadius" value="3"/>
				<display_value name="dDuration" value="16"/>

				<triggered_effect trigger="onSelfWaterSubmerge" action="ResetHeldItem"/>
			</effect_group>
		</item>

		<!--	Lightning	-->
		<item name="ammo9mmLightning">
			<property name="Tags" value="ammo,ammo9mm"/>	
			<property name="DisplayType" value="ammoBullet"/>
			<property name="CustomIcon" value="ammo9mmLightning"/>
			<property name="HoldType" value="45"/>
			<property name="Meshfile" value="@:Other/Items/Misc/sackPrefab.prefab"/>
			<property name="DropMeshfile" value="@:Other/Items/Misc/sack_droppedPrefab.prefab"/>
			<property name="Material" value="Mlead_scrap"/>
			<property name="MeltTimePerUnit" value=".4"/>
			<property name="Stacknumber" value="300"/>
			<property name="EconomicValue" value="14"/>
			<property name="TraderStageTemplate" value="ammoTier2"/>
			<property name="UnlockedBy" value="perkAdvancedEngineering"/>
			<property name="SoundPickup" value="bullets_grab"/>
			<property name="SoundPlace" value="bullets_place"/>
			<property name="Group" value="Ammo/Weapons,Ammo,Ranged Weapons"/>
			
			<effect_group name="ammo9mmLightning" tiered="false">
				<passive_effect name="EntityDamage" operation="base_set" value="32" tags="perkGunslinger,9mmGun"/>
				<passive_effect name="BlockDamage" operation="base_set" value="6" tags="perkGunslinger"/>
				<passive_effect name="BlockDamage" operation="base_add" value="18" tags="barrelExplosive"/>
				<passive_effect name="DamageModifier" operation="perc_add" value="-.8" tags="earth"/>
				<passive_effect name="DamageModifier" operation="perc_add" value="2" tags="wood"/>
				<triggered_effect trigger="onSelfAttackedOther" action="AddBuff" target="other" buff="buffShocked" duration="3" />
			</effect_group>
		</item>
		
		<item name="ammo762mmLightning">
			<property name="Extends" value="ammo9mmLightning"/>
			<property name="Tags" value="ammo762mm"/>
			<property name="CustomIcon" value="ammo762mmLightning"/>
			<property name="Stacknumber" value="150"/> <!-- STK ammo low -->
			<property name="EconomicValue" value="16"/>
			<property name="TraderStageTemplate" value="ammoTier2"/>
			<property name="UnlockedBy" value="perkAdvancedEngineering"/>
			<property name="SoundPickup" value="bullets_grab"/>
			<property name="SoundPlace" value="bullets_place"/>
			
			<effect_group name="ammo762mmBulletShock" tiered="false">
				<passive_effect name="EntityDamage" operation="base_set" value="47" tags="perkDeadEye,perkMachineGunner"/>
				<passive_effect name="BlockDamage" operation="base_set" value="8" tags="perkDeadEye,perkMachineGunner"/>
				<passive_effect name="BlockDamage" operation="base_add" value="16" tags="barrelExplosive"/>
				<passive_effect name="DamageModifier" operation="perc_add" value="-.8" tags="earth"/>
				<passive_effect name="DamageModifier" operation="perc_add" value="2" tags="wood"/>
				<triggered_effect trigger="onSelfAttackedOther" action="AddBuff" target="other" buff="buffShocked" duration="3" />
			</effect_group>
		</item>
		
		<item name="ammo44MagnumLightning">
			<property name="Extends" value="ammo9mmLightning"/>
			<property name="Tags" value="ammo44Mag"/>
			<property name="CustomIcon" value="ammo44MagnumLightning"/>
			<property name="EconomicValue" value="15"/>
			<property name="TraderStageTemplate" value="ammoTier2"/>
			<property name="UnlockedBy" value="perkAdvancedEngineering"/>
			<property name="SoundPickup" value="bullets_grab"/>
			<property name="SoundPlace" value="bullets_place"/>
			
			<effect_group name="ammo44MagnumLightning" tiered="false">
				<passive_effect name="EntityDamage" operation="base_set" value="70" tags="perkGunslinger,revolver"/>
				<passive_effect name="BlockDamage" operation="base_set" value="12" tags="perkGunslinger"/>
				<passive_effect name="BlockDamage" operation="base_add" value="12" tags="barrelExplosive"/>
				<passive_effect name="EntityPenetrationCount" operation="base_set" value="1" tags="perkGunslinger">
					<requirement name="ProgressionLevel" progression_name="perkEnforcerComplete" operation="Equals" value="1"/>
				</passive_effect>
				<passive_effect name="DamageModifier" operation="perc_add" value="-.8" tags="earth"/>
				<passive_effect name="DamageModifier" operation="perc_add" value="2" tags="wood"/>
				<triggered_effect trigger="onSelfAttackedOther" action="AddBuff" target="other" buff="buffShocked" duration="3" />
			</effect_group>
		</item>
		
		<item name="ammoShotgunSlugLightning">
			<property name="Tags" value="ammo,shotgun,ammoShells"/>
			<property name="DisplayType" value="ammoShotgun"/>
			<property name="CustomIcon" value="ammoShotgunSlugLightning"/>
			<property name="HoldType" value="45"/>
			<property name="Meshfile" value="@:Other/Items/Misc/sackPrefab.prefab"/>
			<property name="DropMeshfile" value="@:Other/Items/Misc/sack_droppedPrefab.prefab"/>
			<property name="Material" value="MresourceScrapPolymers"/>
			<property name="Stacknumber" value="150"/> 
			<property name="EconomicValue" value="20"/>
			<property name="TraderStageTemplate" value="ammoTier2"/>
			<property name="UnlockedBy" value="perkAdvancedEngineering"/>
			<property name="SoundPickup" value="shotgunshells_grab"/>
			<property name="SoundPlace" value="shotgunshells_place"/>
			<property name="Group" value="Ammo/Weapons,Ammo,Ranged Weapons"/>
			
			<effect_group name="ammoShotgunSlugLightning" tiered="false">
				<passive_effect name="EntityDamage" operation="base_set" value="102" tags="perkBoomstick"/>
				<passive_effect name="BlockDamage" operation="base_set" value="80" tags="perkBoomstick"/>
				<passive_effect name="BlockDamage" operation="base_add" value="200" tags="wood"/>
				<passive_effect name="RoundRayCount" operation="base_set" value="1" tags="perkBoomstick"/>
				<passive_effect name="MaxRange" operation="base_set" value="18" tags="perkBoomstick"/>
				<passive_effect name="DamageFalloffRange" operation="base_set" value="9" tags="perkBoomstick"/>
				<passive_effect name="SpreadDegreesVertical" operation="base_set" value="2.4" tags="perkBoomstick"/>
				<passive_effect name="SpreadDegreesHorizontal" operation="base_set" value="2.4" tags="perkBoomstick"/>
				<passive_effect name="SpreadMultiplierAiming" operation="perc_add" value="-.35" tags="perkBoomstick"/>
				<passive_effect name="SpreadMultiplierCrouching" operation="perc_add" value="-.05" tags="perkBoomstick"/>
				<passive_effect name="SpreadMultiplierWalking" operation="perc_add" value=".15" tags="perkBoomstick"/>
				<passive_effect name="SpreadMultiplierRunning" operation="perc_add" value=".3" tags="perkBoomstick"/>
				<passive_effect name="DamageModifier" operation="perc_add" value="-.8" tags="earth"/>
				<triggered_effect trigger="onSelfAttackedOther" action="AddBuff" target="other" buff="buffShocked" duration="3" />
			</effect_group>
		</item>
		
		<!--	Fire-bundles	-->
		
		<item name="ammoBundle9mmFire">
			<property name="Extends" value="ammoBundleMaster"/>
			<property name="CustomIcon" value="ammo9mmFire"/>
			<property name="Stacknumber" value="10"/> <!-- STK ammobundle high -->
			<property name="EconomicValue" value="1400"/>
			<property name="TraderStageTemplate" value="ammoTier2"/>
			<property name="UnlockedBy" value="perkAdvancedEngineering"/>
			<property class="Action0">
				<property name="Create_item" value="ammo9mmFire"/>
				<property name="Create_item_count" value="100"/>
			</property>
		</item>
		
		<item name="ammoBundle44MagnumFire">
			<property name="Extends" value="ammoBundle44MagnumBulletBall"/>
			<property name="CustomIcon" value="ammo44MagnumFire"/>
			<property name="Stacknumber" value="10"/> <!-- STK ammobundle high -->
			<property name="EconomicValue" value="1500"/>
			<property name="TraderStageTemplate" value="ammoTier2"/>
			<property name="UnlockedBy" value="perkAdvancedEngineering"/>	
			<property class="Action0">
				<property name="Create_item" value="ammo44MagnumFire"/>
				<property name="Create_item_count" value="100"/>
			</property>
		</item>
		
		<item name="ammoBundle762mmFire">
			<property name="Extends" value="ammoBundle762mmBulletBall"/>
			<property name="CustomIcon" value="ammo762mmFire"/>
			<property name="EconomicValue" value="1600"/>
			<property name="TraderStageTemplate" value="ammoTier2"/>
			<property name="UnlockedBy" value="perkAdvancedEngineering"/>
			<property class="Action0">
				<property name="Create_item" value="ammo762mmFire"/>
				<property name="Create_item_count" value="100"/>
			</property>
		</item>
		
		<item name="ammoBundleShotgunSlugFire">
			<property name="Extends" value="ammoBundleShotgunShell"/>
			<property name="CustomIcon" value="ammoShotgunSlugFire"/>
			<property name="EconomicValue" value="2000"/>
			<property name="TraderStageTemplate" value="ammoTier2"/>
			<property name="UnlockedBy" value="perkAdvancedEngineering"/>
			<property class="Action0">
				<property name="Create_item" value="ammoShotgunSlugFire"/>
				<property name="Create_item_count" value="100"/>
			</property>
		</item>
		
		<!--	Lightning-bundles	-->
		
		<item name="ammoBundle9mmLightning">
			<property name="Extends" value="ammoBundleMaster"/>
			<property name="CustomIcon" value="ammo9mmLightning"/>
			<property name="Stacknumber" value="10"/> <!-- STK ammobundle high -->
			<property name="EconomicValue" value="1400"/>
			<property name="TraderStageTemplate" value="ammoTier2"/>
			<property name="UnlockedBy" value="perkAdvancedEngineering"/>
			<property class="Action0">
				<property name="Create_item" value="ammo9mmLightning"/>
				<property name="Create_item_count" value="100"/>
			</property>
		</item>
		
		<item name="ammoBundle44MagnumLightning">
			<property name="Extends" value="ammoBundle44MagnumBulletBall"/>
			<property name="CustomIcon" value="ammo44MagnumLightning"/>
			<property name="Stacknumber" value="10"/> <!-- STK ammobundle high -->
			<property name="EconomicValue" value="1500"/>
			<property name="TraderStageTemplate" value="ammoTier2"/>
			<property name="UnlockedBy" value="perkAdvancedEngineering"/>	
			<property class="Action0">
				<property name="Create_item" value="ammo44MagnumLightning"/>
				<property name="Create_item_count" value="100"/>
			</property>
		</item>
		
		<item name="ammoBundle762mmLightning">
			<property name="Extends" value="ammoBundle762mmBulletBall"/>
			<property name="CustomIcon" value="ammo762mmLightning"/>
			<property name="EconomicValue" value="1600"/>
			<property name="TraderStageTemplate" value="ammoTier2"/>
			<property name="UnlockedBy" value="perkAdvancedEngineering"/>
			<property class="Action0">
				<property name="Create_item" value="ammo762mmLightning"/>
				<property name="Create_item_count" value="100"/>
			</property>
		</item>
		
		<item name="ammoBundleShotgunSlugLightning">
			<property name="Extends" value="ammoBundleShotgunShell"/>
			<property name="CustomIcon" value="ammoShotgunSlugLightning"/>
			<property name="EconomicValue" value="2000"/>
			<property name="TraderStageTemplate" value="ammoTier2"/>
			<property name="UnlockedBy" value="perkAdvancedEngineering"/>
			<property class="Action0">
				<property name="Create_item" value="ammoShotgunSlugLightning"/>
				<property name="Create_item_count" value="100"/>
			</property>
		</item>
		
		
	</append>

	<append xpath="/items/item/property[@class='Action0']/property[@name='Magazine_items' and @value='ammo9mmBulletBall,ammo9mmBulletHP,ammo9mmBulletAP']/@value">,ammo9mmFire,ammo9mmLightning</append>
	<append xpath="/items/item/property[@class='Action0']/property[@name='Magazine_items' and @value='ammo762mmBulletBall,ammo762mmBulletHP,ammo762mmBulletAP']/@value">,ammo762mmFire,ammo762mmLightning</append>
	<append xpath="/items/item/property[@class='Action0']/property[@name='Magazine_items' and @value='ammo44MagnumBulletBall,ammo44MagnumBulletHP,ammo44MagnumBulletAP']/@value">,ammo44MagnumFire,ammo44MagnumLightning,</append>
	<append xpath="/items/item/property[@class='Action0']/property[@name='Magazine_items' and @value='ammoShotgunShell,ammoShotgunSlug,ammoShotgunBreachingSlug']/@value">,ammoShotgunSlugFire,ammoShotgunSlugLightning</append>

</Scomar82_ElementalAmmo>