<Scomar82_MunitionZerlegen>

	<append xpath="/recipes">
	
		<recipe name="resourceBundle90Muni" count="1" craft_time="10">
			<ingredient name="ammo9mmBulletBall" count="50"/>
		</recipe>
		
		<recipe name="resourceBundle90Muni762_44" count="1" craft_time="10">
			<ingredient name="ammo44MagnumBulletBall" count="50"/>
		</recipe>
		
		<recipe name="resourceBundle90Muni762_44" count="1" craft_time="10">
			<ingredient name="ammo762mmBulletBall" count="50"/>
		</recipe>
		
		<recipe name="resourceBundle90MuniSchrot" count="1" craft_time="10">
			<ingredient name="ammoShotgunShell" count="50"/>
		</recipe>
		
		<!--  xxxxxxxxxxxxxxxxxxxxxxxxxxxxxxxxxxxxxxxxxxxxxxxxxxxxxxxxxxxxxxxxxxxxxxxxxxxxxxxxxxxxxxxxxxxxxxxxxxxxxxxxxxxxxxxxxxxxxxxxxxx    -->
		
		<recipe name="resourceBundle90MuniAP" count="1" craft_time="10">
			<ingredient name="ammo9mmBulletAP" count="50"/>
		</recipe>
		
		<recipe name="resourceBundle90MuniHP" count="1" craft_time="10">
			<ingredient name="ammo9mmBulletHP" count="50"/>
		</recipe>
		
		<recipe name="resourceBundle90Muni762_44AP" count="1" craft_time="10">
			<ingredient name="ammo44MagnumBulletAP" count="50"/>
		</recipe>
		
		<recipe name="resourceBundle90Muni762_44HP" count="1" craft_time="10">
			<ingredient name="ammo44MagnumBulletHP" count="50"/>
		</recipe>
		
		<recipe name="resourceBundle90Muni762_44AP" count="1" craft_time="10">
			<ingredient name="ammo762mmBulletAP" count="50"/>
		</recipe>
		
		<recipe name="resourceBundle90Muni762_44HP" count="1" craft_time="10">
			<ingredient name="ammo762mmBulletHP" count="50"/>
		</recipe>
		
		<recipe name="resourceBundle90MuniSchrotSlug" count="1" craft_time="10">
			<ingredient name="ammoShotgunSlug" count="50"/>
		</recipe>
		
		
		<!--Rezepte für Werkbank-->
		
		<recipe name="resourceBundle100Muni" count="1" craft_time="5" craft_area="workbench" tags="learnable,perkYeahScience">
			<ingredient name="ammo9mmBulletBall" count="50"/>
		</recipe>
		
		<recipe name="resourceBundle100Muni762_44" count="1" craft_time="5" craft_area="workbench" tags="learnable,perkYeahScience">
			<ingredient name="ammo44MagnumBulletBall" count="50"/>
		</recipe>
		
		<recipe name="resourceBundle100Muni762_44" count="1" craft_time="5" craft_area="workbench" tags="learnable,perkYeahScience">
			<ingredient name="ammo762mmBulletBall" count="50"/>
		</recipe>
		
		<recipe name="resourceBundle100MuniSchrot" count="1" craft_time="5" craft_area="workbench" tags="learnable,perkYeahScience">
			<ingredient name="ammoShotgunShell" count="50"/>
		</recipe>
		
		<!--  xxxxxxxxxxxxxxxxxxxxxxxxxxxxxxxxxxxxxxxxxxxxxxxxxxxxxxxxxxxxxxxxxxxxxxxxxxxxxxxxxxxxxxxxxxxxxxxxxxxxxxxxxxxxxxxxxxxxxxxxxxx    -->
		
		<recipe name="resourceBundle100MuniAP" count="1" craft_time="5" craft_area="workbench" tags="learnable,perkYeahScience">
			<ingredient name="ammo9mmBulletAP" count="50"/>
		</recipe>
		
		<recipe name="resourceBundle100MuniHP" count="1" craft_time="5" craft_area="workbench" tags="learnable,perkYeahScience">
			<ingredient name="ammo9mmBulletHP" count="50"/>
		</recipe>
		
		<recipe name="resourceBundle100Muni762_44AP" count="1" craft_time="5" craft_area="workbench" tags="learnable,perkYeahScience">
			<ingredient name="ammo44MagnumBulletAP" count="50"/>
		</recipe>
		
		<recipe name="resourceBundle100Muni762_44HP" count="1" craft_time="5" craft_area="workbench" tags="learnable,perkYeahScience">
			<ingredient name="ammo44MagnumBulletHP" count="50"/>
		</recipe>
		
		<recipe name="resourceBundle100Muni762_44AP" count="1" craft_time="5" craft_area="workbench" tags="learnable,perkYeahScience">
			<ingredient name="ammo762mmBulletAP" count="50"/>
		</recipe>
		
		<recipe name="resourceBundle100Muni762_44HP" count="1" craft_time="5" craft_area="workbench" tags="learnable,perkYeahScience">
			<ingredient name="ammo762mmBulletHP" count="50"/>
		</recipe>
		
		<recipe name="resourceBundle100MuniSchrotSlug" count="1" craft_time="5" craft_area="workbench" tags="learnable,perkYeahScience">
			<ingredient name="ammoShotgunSlug" count="50"/>
		</recipe>
		
	</append>


</Scomar82_MunitionZerlegen>