<Scomar82_Health-BarTiB>

		<set xpath="/windows/window[@name='windowTargetBar']/@visibility">always</set>

		<remove xpath="/windows/window[@name='windowTargetBar']/rect[@visible='{isnotboss}']" />
		<append xpath="/windows/window[@name='windowTargetBar']">
			<rect pos="-180,-90" width="360" height="20" visible="{isnotboss}" >
				<sprite depth="1" name="borderOutline" sprite="ui_game_header_fill" pos="-2,2" width="364" height="24" color="[white]" type="sliced" fillcenter="false"/>
				<sprite depth="3" name="border" sprite="ui_game_header_fill" color="100,100,100,250" type="sliced" width="360" globalopacity="false"/>
				<filledsprite depth="4" name="BarContent" sprite="ui_game_header_fill" type="filled" color="150,0,0,255" width="360" fill="{fill}" globalopacity="false"/>
				<label depth="5" name="TextContent" pos="0,-2" font_size="20" color="255,255,0" justify="center" pivot="topleft" text="{name}: {currentwithmax}" height="26"/>
			</rect>
		</append>

</Scomar82_Health-BarTiB>