<Scomar82_Essen>
	<!-- Hinweis -->
		
	<append xpath="/progression/perks/perk[@name='perkMasterChef']">
		<effect_group>
			<passive_effect name="RecipeTagUnlocked" operation="base_set" level="1,5" value="1" tags="foodPopcorn"/>
		<!--<passive_effect name="RecipeTagUnlocked" operation="base_set" level="2,5" value="1" tags="xxx"/>
			<passive_effect name="RecipeTagUnlocked" operation="base_set" level="3,5" value="1" tags="xxx"/>
			<passive_effect name="RecipeTagUnlocked" operation="base_set" level="4,5" value="1" tags="xxx"/>
			<passive_effect name="RecipeTagUnlocked" operation="base_set" level="5,5" value="1" tags="xxx"/> -->
		</effect_group>
	</append>
	
</Scomar82_Essen>