<Scomar82_MunitionZerlegen>

	<append xpath="/recipes">
	
		<recipe name="resourceBundle90Muni" count="1" craft_time="20">
			<ingredient name="ammo9mmBulletBall" count="50"/>
		</recipe>
		
		<recipe name="resourceBundle90Muni762_44" count="1" craft_time="20">
			<ingredient name="ammo44MagnumBulletBall" count="50"/>
		</recipe>
		
		<recipe name="resourceBundle90Muni762_44" count="1" craft_time="20">
			<ingredient name="ammo762mmBulletBall" count="50"/>
		</recipe>
		
		<recipe name="resourceBundle90MuniSchrot" count="1" craft_time="20">
			<ingredient name="ammoShotgunShell" count="50"/>
		</recipe>
		
		<recipe name="resourceBundle100Muni" count="1" craft_time="20" craft_area="workbench" tags="learnable,perkYeahScience">
			<ingredient name="ammo9mmBulletBall" count="50"/>
		</recipe>
		
		<recipe name="resourceBundle100Muni762_44" count="1" craft_time="20" craft_area="workbench" tags="learnable,perkYeahScience">
			<ingredient name="ammo44MagnumBulletBall" count="50"/>
		</recipe>
		
		<recipe name="resourceBundle100Muni762_44" count="1" craft_time="20" craft_area="workbench" tags="learnable,perkYeahScience">
			<ingredient name="ammo762mmBulletBall" count="50"/>
		</recipe>
		
		<recipe name="resourceBundle100MuniSchrot" count="1" craft_time="20" craft_area="workbench" tags="learnable,perkYeahScience">
			<ingredient name="ammoShotgunShell" count="50"/>
		</recipe>
		
	</append>


</Scomar82_MunitionZerlegen>