<Scomar82_HUD>

<!-- Essen und Trinken hinzugefügt -->

	<remove xpath="/windows/window[@name='HUDLeftStatBars']" />
	
	<append xpath="/windows">
		<window name="HUDLeftStatBars">
			<rect name="hud" pos="9,156" rows="1" cols="4" width="346" cell_width="52" cell_height="132" side="left">
<!--Leben-->				
				<rect width="51" height="130" pos="0,-20" controller="HUDStatBar" stat_type="Health" visible="{statvisible}">
					<sprite depth="1" name="border" color="0,0,0,128" type="sliced"/>
					<sprite depth="2" name="background" color="0,0,0,140" type="sliced" />
					<filledsprite depth="3" name="background" color="110,110,110,196" width="49" type="filled" fill="{statmodifiedmax}" filldirection="vertical"/>
					<filledsprite depth="5" name="BarContent" color="255,0,0,200" width="49" type="filled" fill="0" filldirection="vertical"/>
					<sprite depth="6" name="Icon" atlas="{staticonatlas|once}" sprite="{staticon|once}" size="35,35" pos="8,-90" foregroundlayer="true"/>
					<label depth="7" name="TextContent" pos="0,-80" font_size="22" color="[white]" justify="center" pivot="topleft" text="{statcurrentwithmax}" height="35" width="70" rotation="65"/>
					<sprite depth="8" name="border" color="0,0,0,255" type="sliced" fillcenter="false"/>
					<filledsprite depth="8" name="background" color="0,0,0,255" width="51" fillcenter="false" type="filled" fill="{statmodifiedmax}" filldirection="vertical"/>
					<filledsprite depth="3" name="background" color="0,0,0,255" width="50" fillcenter="false" type="filled" fill="{statmodifiedmax}" filldirection="vertical"/>
				</rect>
<!--Ausdauer-->				
				<rect width="50" height="130" pos="65,-20" controller="HUDStatBar" stat_type="Stamina" visible="{statvisible}">
					<sprite depth="1" name="border" color="0,0,0,128" type="sliced"/>
					<sprite depth="2" name="background" color="0,0,0,140" type="sliced" />
					<filledsprite depth="3" name="background" color="110,110,110,196" width="50" type="filled" fill="{statmodifiedmax}" filldirection="vertical"/>
					<filledsprite depth="5" name="BarContent" color="0,54,255,200" width="50" type="filled" fill="0"  filldirection="vertical"/>
					<sprite depth="6" name="Icon" atlas="{staticonatlas|once}" sprite="ui_game_symbol_agility" size="35,35" pos="8,-90" foregroundlayer="true"/>
					<label depth="7" name="TextContent" pos="0,-80" font_size="22" color="[white]" justify="center" pivot="topleft" text="{statcurrentwithmax}" height="35" width="70" rotation="65"/>
					<sprite depth="8" name="border" color="0,0,0,255" type="sliced" fillcenter="false"/>
					<filledsprite depth="8" name="background" color="0,0,0,255" width="50" fillcenter="false" type="filled" fill="{statmodifiedmax}" filldirection="vertical"/>
					<filledsprite depth="3" name="background" color="0,0,0,255" width="50" fillcenter="false" type="filled" fill="{statmodifiedmax}" filldirection="vertical"/>
				</rect>
				
				<rect controller="CharacterFrameWindow">
			
					<panel name="header" height="15" depth="1" pos="9999,9999" backgroundspritename="ui_game_panel_header">
						<label depth="2" name="characterName" pos="42,-6" width="150" height="32" text="" font_size="32"/>
						<label depth="2" name="levelNumber" pos="240,-10" width="80" height="28" text="" color="[lightGrey]"/>
					</panel>
					<rect visible="{showcharacter}" pos="9999,9999" >
						<panel name="previewFrame" depth="0" pos="0,0" width="10" on_press="true" on_hover="true" disableautobackground="true" snap="false">
							<rect>
								<texture depth="2" name="playerPreview" material="Materials/Transparent Colored" size="8,8" globalopacity="false"/>
							</rect>
						</panel>
					</rect>
<!--Nahrung-->				
					<rect width="51" height="130" pos="130,-20" controller="HUDStatBar" stat_type="Food" visible="{statvisible}">
						<sprite depth="1" name="border" color="0,0,0,128" type="sliced"/>
						<sprite depth="2" name="background" color="0,0,0,140" type="sliced" />
						<filledsprite depth="3" name="background" color="110,110,110,196" width="49" type="filled" fill="{statmodifiedmax}" filldirection="vertical"/>
						<filledsprite depth="5" name="BarContent" color="0,150,54,200" width="49" type="filled" fill="0" filldirection="vertical"/>
						<sprite depth="6" name="Icon" atlas="{staticonatlas|once}" sprite="ui_game_symbol_fork" size="35,35" pos="8,-90" foregroundlayer="true"/>
						<label depth="7" name="TextContent" pos="1,-65" font_size="22" color="[white]" justify="center" pivot="topleft" text="{statcurrent}" height="35" />
						<sprite depth="8" name="border" color="0,0,0,255" type="sliced" fillcenter="false"/>
						<filledsprite depth="8" name="background" color="0,0,0,255" width="51" fillcenter="false" type="filled" fill="{statmodifiedmax}" filldirection="vertical"/>
						<filledsprite depth="3" name="background" color="0,0,0,255" width="50" fillcenter="false" type="filled" fill="{statmodifiedmax}" filldirection="vertical"/>
					</rect>

<!--Wasser-->
					<rect width="51" height="130" pos="195,-20" controller="HUDStatBar" stat_type="Water" visible="{statvisible}">
						<sprite depth="1" name="border" color="0,0,0,128" type="sliced"/>
						<sprite depth="2" name="background" color="0,0,0,140" type="sliced" />
						<filledsprite depth="3" name="background" color="110,110,110,196" width="49" type="filled" fill="{statmodifiedmax}" filldirection="vertical" />
						<filledsprite depth="5" name="BarContent" color="0,200,255,200" width="49" type="filled" fill="0" filldirection="vertical" />
						<sprite depth="6" name="Icon" atlas="{staticonatlas|once}" sprite="ui_game_symbol_water" size="35,35" pos="8,-90" foregroundlayer="true"/>
						<label depth="7" name="TextContent" pos="1,-65" font_size="22" color="[white]" justify="center" pivot="topleft" text="{statcurrent}" height="35"/>
						<sprite depth="8" name="border" color="0,0,0,255" type="sliced" fillcenter="false"/>
						<filledsprite depth="8" name="background" color="0,0,0,255" width="51" fillcenter="false" type="filled" fill="{statmodifiedmax}" filldirection="vertical"/>
						<filledsprite depth="3" name="background" color="0,0,0,255" width="50" fillcenter="false" type="filled" fill="{statmodifiedmax}" filldirection="vertical"/>
					</rect>
				</rect>
			</rect>
<!--Temperatur und Höhe-->
			<rect name="hud" pos="265,133" width="110" height="60" controller="MapStats" visible="{statvisible}">
				<sprite depth="1" pos="0,0" width="110" height="60" color="0,0,0,240" type="sliced" foregroundlayer="true"/>				
				<sprite depth="2" name="tempIcon" width="21" height="21" pos="4,-4" sprite="ui_game_symbol_temperature" color="[iconColor]" foregroundlayer="true"/>
				<label depth="2" name="tempLabel" pos="24,-4" width="80" height="18" text="{playercoretemp}" font_size="18" color="[ora]" justify="right"/>
				<sprite depth="2" name="elevIcon" width="21" height="21" pos="4,-32" sprite="ui_game_symbol_climb" color="[iconColor]" foregroundlayer="true"/>
				<label depth="2" name="elevLabel" pos="24,-32" width="80" height="18" text="{mapelevation}" font_size="18" color="[ora]" justify="right"/>
			</rect>
<!--Erfahrung-->
			<rect name="Lvl" pos="320,37" width="70" height="70" >
				<sprite depth="1" name="border" sprite="ui_game_filled_circle" color="0,0,0,240" pivot="center"/>
				<sprite depth="2" height="68" width="68" name="background" sprite="ui_game_filled_circle" color="{xpcolor}" pivot="center" globalopacity="false" type="filled" fill="{xp}" filldirection="radial360" controller="ToolbeltWindow"/>
				<label depth="5" name="levelNumber" width="68" height="24" pivot="center" justify="center" text="XP" font_size="20"/>
			</rect>
<!--Schleichen-->			
			<rect name="hud" pos="9,195" rows="1" cols="1" width="173" cell_width="173" cell_height="48" side="left">
				<rect width="171" height="46" controller="HUDStatBar" stat_type="Stealth" visible="{statvisible}">
					<sprite depth="1" name="border" color="0,0,0,150" height="46" type="sliced" />
					<sprite depth="2" name="background" color="0,0,0,140" type="sliced" />
					<filledsprite depth="3" name="background" color="110,110,110,128" type="filled" fill="1" />
					<filledsprite depth="4" name="BarContent" color="{stealthcolor}" type="filled" fill="0" />
					<sprite depth="5" name="Icon" atlas="{staticonatlas|once}" sprite="{staticon|once}" size="35,35" pos="8,-6" foregroundlayer="true"/>
					<label depth="6" name="TextContent" pos="6,-8" font_size="32" color="[white]" justify="center" pivot="topleft" text="{statcurrent}" height="35"/>
					<sprite depth="8" name="border" color="0,0,0,255" type="sliced" fillcenter="false"/>
					<filledsprite depth="8" name="background" color="0,0,0,255" width="171" fillcenter="false" type="filled" fill="1" />
					<filledsprite depth="3" name="background" color="0,0,0,255" width="170" fillcenter="false" type="filled" fill="1" />
				</rect>
			</rect>
<!--Buffs-->			
			<rect name="hud" pos="90,175" side="left" controller="BuffPopoutList" pivot="BottomLeft" >
				<panel width="168" height="46" name="item" visible="false" pivot="right" disableautobackground="true" pos="70, 0" style="press" sound="[recipe_click]" on_hover="true" >
					<sprite depth="3" pos="0,0"  name="Background" sprite="ui_game_popup" height="46" width="162" pivot="center" flip="Horizontally" color="[transparent]" />
					<sprite depth="4" name="Icon" size="40,40" pos="-54,0" pivot="center" color="[transparent]"/>
					<label depth="6" name="TextContent" pos="20,0" font_size="24" color="[white]" justify="center" height="40" pivot="center"/>
				</panel>
			</rect>
		</window>
	</append>
	
<!-- Essen, Trinken und Erfahrung vom Gürtel entfernt + Gürtel neu ausgerichtet -->

	<remove xpath="/windows/window[@name='windowToolbelt']"/>
	<append xpath="/windows">
		<window name="windowToolbelt" width="753" height="75" depth="5" anchor="CenterBottom" pos="-313,82" controller="ToolbeltWindow" visible="{toolbeltvisible}" cursor_area="true" xp_fill_speed="2" >		
			<rect>
				<sprite depth="8" name="backgroundMain" sprite="menu_empty3px" color="[black]" type="sliced" fillcenter="false" on_press="true" />
				<rect pos="3,-3" controller="Toolbelt">
					<grid depth="10" name="inventory" rows="1" cols="10" pos="0,0" cell_width="75" cell_height="75" repeat_content="true">
						<item_stack name="0"/>
					</grid>
					<grid depth="10" name="inventory2" rows="1" cols="10" pos="0,82" cell_width="75" cell_height="75" repeat_content="true" visible="{secondrow}">
						<item_stack name="0"/>
					</grid>
				</rect>
<!--Slotnummern und Hintergrund-->				
				<grid name="Slotnr-Hintergrund" depth="12" pos="71,-3" rows="1" cols="10" cell_width="75" cell_height="70" repeat_content="false">
					<sprite depth="10" height="23" width="23" name="background1" sprite="ui_game_filled_circle" color="0,0,0,250" pivot="center" />
					<sprite depth="10" height="23" width="23" name="background2" sprite="ui_game_filled_circle" color="0,0,0,250" pivot="center" />
					<sprite depth="10" height="23" width="23" name="background3" sprite="ui_game_filled_circle" color="0,0,0,250" pivot="center" />
					<sprite depth="10" height="23" width="23" name="background4" sprite="ui_game_filled_circle" color="0,0,0,250" pivot="center" />
					<sprite depth="10" height="23" width="23" name="background5" sprite="ui_game_filled_circle" color="0,0,0,250" pivot="center" />
					<sprite depth="10" height="23" width="23" name="background6" sprite="ui_game_filled_circle" color="0,0,0,250" pivot="center" />
					<sprite depth="10" height="23" width="23" name="background7" sprite="ui_game_filled_circle" color="0,0,0,250" pivot="center" />
					<sprite depth="10" height="23" width="23" name="background8" sprite="ui_game_filled_circle" color="0,0,0,250" pivot="center" />
					<sprite depth="10" height="23" width="23" name="background9" sprite="ui_game_filled_circle" color="0,0,0,250" pivot="center" />
					<sprite depth="10" height="23" width="23" name="background10" sprite="ui_game_filled_circle" color="0,0,0,250" pivot="center" />
				</grid>
				<grid name="Slotnummern" depth="16" pos="78,-3" rows="1" cols="10" cell_width="75" cell_height="70" repeat_content="false">
					<label name="Slot1" depth="20" size="22,22" text="1" font_size="18" color="[gelb]" crispness="Never" effect="outline" effect_distance="1,1" pivot="center" />
					<label name="Slot2" depth="20" size="22,22" text="2" font_size="18" color="[gelb]" crispness="Never" effect="outline" effect_distance="1,1" pivot="center" />
					<label name="Slot3" depth="20" size="22,22" text="3" font_size="18" color="[gelb]" crispness="Never" effect="outline" effect_distance="1,1" pivot="center" />
					<label name="Slot4" depth="20" size="22,22" text="4" font_size="18" color="[gelb]" crispness="Never" effect="outline" effect_distance="1,1" pivot="center" />
					<label name="Slot5" depth="20" size="22,22" text="5" font_size="18" color="[gelb]" crispness="Never" effect="outline" effect_distance="1,1" pivot="center" />
					<label name="Slot6" depth="20" size="22,22" text="6" font_size="18" color="[gelb]" crispness="Never" effect="outline" effect_distance="1,1" pivot="center" />
					<label name="Slot7" depth="20" size="22,22" text="7" font_size="18" color="[gelb]" crispness="Never" effect="outline" effect_distance="1,1" pivot="center" />
					<label name="Slot8" depth="20" size="22,22" text="8" font_size="18" color="[gelb]" crispness="Never" effect="outline" effect_distance="1,1" pivot="center" />
					<label name="Slot9" depth="20" size="22,22" text="9" font_size="18" color="[gelb]" crispness="Never" effect="outline" effect_distance="1,1" pivot="center" />
					<label name="Slot10" depth="20" size="22,22" text="0" font_size="18" color="[gelb]" crispness="Never" effect="outline" effect_distance="1,1" pivot="center" />
				</grid>
<!--Links und Rechts vom Gürtel-->
				<rect controller="CharacterFrameWindow">
			
					<panel name="header" height="15" depth="1" pos="9999,9999" backgroundspritename="ui_game_panel_header">
						<label depth="2" name="characterName" pos="42,-6" width="150" height="32" text="" font_size="32"/>
						<label depth="2" name="levelNumber" pos="240,-10" width="80" height="28" text="" color="[lightGrey]"/>
					</panel>
					<rect visible="{showcharacter}" pos="9999,9999" >
						<panel name="previewFrame" depth="0" pos="0,0" width="10" on_press="true" on_hover="true" disableautobackground="true" snap="false">
							<rect>
								<texture depth="2" name="playerPreview" material="Materials/Transparent Colored" size="8,8" globalopacity="false"/>
							</rect>
						</panel>
					</rect>
<!--Zombiekills-->					
					<rect pos="-85,-3" width="75" height="75">
						<sprite depth="1" width="75" height="75" name="border" color="222,255,163,128" type="sliced"/>
						<sprite depth="3" width="71" height="71" pos="2,-2" name="background" color="0,0,0" type="sliced"/>
						<sprite depth="5" name="TodeIcon" width="65" height="65" pos="5,-5" sprite="ui_game_symbol_marksmanship" color="255,255,255,128" foregroundlayer="true"/>
						<label depth="7" name="zombieKillsText" width="75" height="37" text="{playerzombiekills}" font_size="24" pos="37,-37" justify="center" pivot="center"/>
					</rect>
<!--Spielertode-->							
					<rect pos="763,-3" width="75" height="75">
						<sprite depth="1" width="75" height="75" name="border" color="222,255,163,128" type="sliced"/>
						<sprite depth="3" width="71" height="71" pos="2,-2" name="background" color="0,0,0" type="sliced"/>
						<sprite depth="5" name="TodeIcon" width="65" height="65" pos="3,-5" sprite="ui_game_symbol_near_death_trauma" color="255,255,255,128" foregroundlayer="true"/>
						<label depth="9" name="deathsText" width="75" height="37" text="{playerdeaths}" font_size="24" pos="37,-37" justify="center" pivot="center"/>
					</rect>
				</rect>
			</rect>
			
		</window>
	</append>
		
	
	
<!-- Kompass erneuert -->
	
	<remove xpath="/windows/window[@name='windowCompass']" />
	<append xpath="/windows">
		<window name="windowCompass" anchor="CenterTop" pos="-240,-9" width="480" height="43" controller="CompassWindow">
			<sprite depth="12" pos="223,-1" height="41" width="30" color="224,118,4,180" type="sliced" foregroundlayer="true"/>				
			<sprite depth="0" sprite="ui_game_header_fill" pos="47,0" width="386" height="43" type="sliced" color="150,150,150,150" />
			<sprite depth="1" sprite="ui_game_header_fill" pos="50,-3" width="380" height="37" type="sliced" color="50,50,50,220" />
			<texture depth="8" texture="Textures/UI/Compass/overlay-{gamelanguage}" pos="50, -12" width="380" height="27" color="[iconColor]" name="compassTexture3" rect_size="0.25,1" rect_offset="{#compass_rotation / 360 + 0.0625 - 0.125},0" />
			
			<sprite depth="0" sprite="ui_game_header_fill" pos="47,-43" width="146" height="40" type="sliced" color="150,150,150,150" />
			<sprite depth="1" sprite="ui_game_header_fill" pos="50,-46" width="140" height="34" type="sliced" color="50,50,50,220">
				<label depth="2" text="{daytitle}: [{daycolor}]{day}" font_size="24" pos="37,-17" pivot="center" effect="outline" upper_case="true" justify="center"/>
			</sprite>
			<sprite depth="0" sprite="ui_game_header_fill" pos="287,-43" width="146" height="40" type="sliced" color="150,150,150,150" />
			<sprite depth="1" sprite="ui_game_header_fill" pos="290,-46" width="140" height="34" type="sliced" color="50,50,50,220">
				<label depth="2" text="{timetitle}: {time}" font_size="24" pos="55,-17" pivot="center" effect="outline" upper_case="true" justify="center"/>
			</sprite>
			
		</window>	
	</append>
	
	
	
<!-- Aktuelle Taste beim Interagieren farblich markiert. -->
	
	<remove xpath="/windows/window[@name='interactionPrompt']" />
	<append xpath="/windows">
		<window name="interactionPrompt" anchor="CenterCenter" pos="0,55" width="1000" height="70" controller="InteractionPrompt" fade_delay="0.02">
			<label name="lblText" font_size="28" effect="outline" effect_distance="1,1" effect_color="0,0,0,150" justify="center" pivot="center" text="{text}" parse_actions="true" actions_default_format="([EEEE22] ### [-])" />
		</window>
	</append>

<!-- Targetbar etwas tiefer gesetzt -->	
	<set xpath="/windows/window[@name='windowTargetBar']/rect[@height='36']/@pos">-200,-95</set>
	<set xpath="/windows/window[@name='windowTargetBar']/rect[@height='25']/@pos">-267,-95</set>

</Scomar82_HUD>