<?xml version="1.0" encoding="UTF-8"?>
<Scomar82_SchematicPartsOptional>

	<append xpath="/recipes">
		
		<recipe name="resRuler" count="1" craft_area="workbench">
			<ingredient name="resourceScrapPolymers" count="5" />
		</recipe>
		
		<recipe name="resPen" count="1" craft_area="workbench">
			<ingredient name="resourceWood" count="4" />
			<ingredient name="resourceCoal" count="1" />
			<ingredient name="resourceClayLump" count="1" />
		</recipe>
		
	</append>
	
</Scomar82_SchematicPartsOptional>