<Scomar82_LSlotBorderColorRedKH96BB>

		<set xpath="/controls/kh60_backpack_item_stack/rect/button/sprite[@name='button']/@color">{# userlockedslot ? '255,51,0' : '255,255,255' }</set>
		
		<remove xpath="/controls/kh60_backpack_item_stack/rect/sprite[@name='iconSlotLock']"/>
		<append xpath="/controls/kh60_backpack_item_stack/rect">
			<sprite depth="6" name="iconSlotLock" width="51" height="3" sprite="menu_empty2px" pos="-1,1" type="sliced" globalopacity="true" visible="{# userlockedslot and !userlockmode}" color="255,51,0" />
			<sprite depth="6" name="iconSlotLock" width="51" height="3" sprite="menu_empty2px" pos="-1,-46" type="sliced" globalopacity="true" visible="{# userlockedslot and !userlockmode}" color="255,51,0" />
			<sprite depth="6" name="iconSlotLock" width="3" height="48" sprite="menu_empty2px" pos="-1,0" type="sliced" globalopacity="true" visible="{# userlockedslot and !userlockmode}" color="255,51,0" />
			<sprite depth="6" name="iconSlotLock" width="3" height="48" sprite="menu_empty2px" pos="47,0" type="sliced" globalopacity="true" visible="{# userlockedslot and !userlockmode}" color="255,51,0" />
		</append>

</Scomar82_LSlotBorderColorRedKH96BB>