<?xml version="1.0" encoding="UTF-8"?>
<zzzSuBaSCompatibiltyPatch>

	<append xpath="/recipes">
		
<!-- +++++++++++++++++++++++++++++++++++++++++++++++++++++++Zombie Hunter Patch Recipe+++++++++++++++++++++++++++++++++++++++++++++++++++++++ -->
		
		<recipe name="MSchematicParts" count="6" craft_area="Schematicswp" craft_time="1">
			<ingredient name="resourceScrollPaper" count="1" />
		</recipe>
		
		<recipe name="MSchematicParts" count="60" craft_area="Schematicswp" craft_time="1">
			<ingredient name="resourceScrollPaper" count="10" />
		</recipe>
		
		<recipe name="MSchematicParts" count="150" craft_area="Schematicswp" craft_time="1">
			<ingredient name="resourceScrollPaper" count="25" />
		</recipe>
		
		<recipe name="resourceScrollPaper" count="1" craft_area="Schematicswp" craft_time="1">
			<ingredient name="MSchematicParts" count="6" />
		</recipe>
		
		<recipe name="resourceScrollPaper" count="10" craft_area="Schematicswp" craft_time="1">
			<ingredient name="MSchematicParts" count="60" />
		</recipe>
		
		<recipe name="resourceScrollPaper" count="25" craft_area="Schematicswp" craft_time="1">
			<ingredient name="MSchematicParts" count="150" />
		</recipe>

<!-- +++++++++++++++++++++++++++++++++++++++++++++++++++++++Placeholder+++++++++++++++++++++++++++++++++++++++++++++++++++++++ -->
		
		
	</append>
	
</zzzSuBaSCompatibiltyPatch>