<Scomar82_SuBaS>

<append xpath="/blocks">
	<block name="Schematicswp">
		<!-- Class -->
		<property name="Class" value="Workstation"/>
		<property class="Workstation">
			<property name="Modules" value="output"/>
			<property name="CraftingAreaRecipes" value="Schematicswp"/>
		</property>
		<!-- UI_Info -->
		<property name="CreativeMode" value="Player"/>
		<property name="CustomIcon" value="cntUtilityCartFullWhite"/>
		<property name="CustomIconTint" value="9A9673"/>
		<property name="DescriptionKey" value="SchematicswpDesc"/>
		<property name="DisplayType" value="blockMulti"/>
		<property name="WorkstationIcon" value="ui_game_symbol_workbench"/>
		<property name="Stacknumber" value="1"/>
		<!-- Visual -->
		<property name="Material" value="Mmetal"/>
		<property name="Shape" value="ModelEntity"/>
		<property name="Model" value="@:Entities/LootContainers/utilityCartFullPrefab.prefab"/>
		<property name="TintColor" value="9A9673"/>
		<property name="ModelOffset" value="0,.5,0"/>
		<property name="MultiBlockDim" value="2,2,1"/>
		<property name="ImposterDontBlock" value="true"/>
		<property name="WaterFlow" value="permitted"/>
		<!-- Placement -->
		<property name="Place" value="TowardsPlacerInverted"/>
		<property name="OnlySimpleRotations" value="true"/>
		<property name="IsTerrainDecoration" value="true"/>
		<property name="StabilitySupport" value="false"/>
		<!-- Value -->
		<property name="Weight" value="0"/>
		<property name="EconomicValue" value="2000"/>
		<property name="TraderStageTemplate" value="midTier1"/><!-- workbench -->
		<!-- Interaction -->
		<property name="MaxDamage" value="800"/>
		<property name="HeatMapStrength" value="5"/>
		<property name="HeatMapTime" value="5000"/>
		<property name="HeatMapFrequency" value="1000"/>
		<property name="OpenSound" value="open_workbench"/>
		<property name="CloseSound" value="close_workbench"/>
		<property name="TakeDelay" value="15"/>
		<property class="RepairItems">
			<property name="resourceScrapPolymers" value="10"/>
			<property name="resourceGlue" value="2"/>
			<property name="resourceWood" value="10"/>
		</property>
		<drop event="Harvest" name="resourceScrapPolymers" count="20" tag="allHarvest"/>
		<drop event="Harvest" name="resourceWood" count="20" tag="allHarvest,lumberjackHarvest"/>
		<drop event="Harvest" name="terrStone" count="0" tool_category="Disassemble"/>
		<drop event="Harvest" name="resourceScrapPolymers" count="10" tag="salvageHarvest"/>
		<drop event="Harvest" name="resourceDuctTape" count="2" tag="salvageHarvest"/>
		<drop event="Harvest" name="resourceWood" count="20" tag="salvageHarvest"/>
		<drop event="Destroy" count="0"/>
		<drop event="Fall" name="terrDestroyedWoodDebris" count="1" prob="0.75" stick_chance="1"/>
		<!-- Sorting -->
		<property name="SortOrder1" value="B281"/>
		<property name="SortOrder2" value="0300"/>
		<property name="Group" value="Science,TCScience"/>
		<property name="Tags" value="workstationSkill,twitch_workstation"/>
		<property name="FilterTags" value="MC_playerBlocks,SC_decor"/>
	</block>
</append>

</Scomar82_SuBaS>