<?xml version="1.0" encoding="UTF-8"?>
<Scomar82_SuBaS>

	<set xpath="/items/item[@name='blankNoteMaster']/property[@name='Material']/@value">MSchematicParts</set>
	<set xpath="/items/item[@name='questMaster']/property[@name='Material']/@value">MSchematicParts</set>
	<set xpath="/items/item[@name='schematicMaster']/property[@name='Material']/@value">MSchematicParts</set>
	<set xpath="/items/item[@name='questMaster']/property[@name='Weight']/@value">8</set>
	<set xpath="/items/item[@name='schematicMaster']/property[@name='Weight']/@value">8</set>
	<set xpath="/items/item[@name='blankNoteMaster']/property[@name='Weight']/@value">8</set>
	
	<insertAfter xpath="/items/item[@name='schematicMaster']/property[@name='AltItemTypeIcon']">
        <property name="AltItemTypeIconColor" value="255,102,0" />
    </insertAfter>
	
	<append xpath="/items/item[@name='schematicNoQualityMaster']">
		<property name="Group" value="Schematics"/>
	</append>
	
	<append xpath="/items/item[@name='schematicNoQualityRecipeMaster']">
		<property name="Group" value="Schematics"/>
	</append>
	
	<append xpath="/items">
	
		<item name="MSchematicParts">
			<property name="CustomIcon" value="resourcePaper"/>
			<property name="CustomIconTint" value="00CCCC"/>
			<property name="DescriptionKey" value="MSchematicPartsDesc"/>
			<property name="HoldType" value="21"/>
			<property name="Tags" value="junk"/>
			<property name="Meshfile" value="#Other/Items?Misc/bookPrefab.prefab"/>
			<property name="DropMeshfile" value="#Other/Items?Misc/sack_droppedPrefab.prefab"/>
			<property name="Material" value="MSchematicParts"/>
			<property name="Stacknumber" value="500"/>
			<property name="FuelValue" value="5"/>
			<property name="Weight" value="1"/>
			<property name="EconomicValue" value="10"/>
		</item>
		
		<item name="Kill100">
			<property name="Extends" value="challengeQuestMaster" />
			<property name="CustomIcon" value="cntBookPile13"/>
			<property name="CustomIconTint" value="66CC33"/>
			<property name="DescriptionKey" value="Kill100Desc"/>
			<property name="Group" value="Quest"/>
			<property class="Action0">
				<property name="QuestGiven" value="q_Kill100" />
			</property>
		</item>
		
		<item name="Kill250">
			<property name="Extends" value="challengeQuestMaster" />
			<property name="CustomIcon" value="cntBookPile05"/>
			<property name="CustomIconTint" value="66CC33"/>
			<property name="DescriptionKey" value="Kill250Desc"/>
			<property name="Group" value="Quest"/>
			<property class="Action0">
				<property name="QuestGiven" value="q_Kill250" />
			</property>
		</item>
		
	</append>
	
</Scomar82_SuBaS>