<?xml version="1.0" encoding="UTF-8"?>
<Scomar82_SuBaS>

	<append xpath="/quests">

		<quest id="q_Kill100">
			<property name="offer_key" value="q_Kill100Desc"/>
			<property name="name_key" value="q_Kill100"/>
			<property name="subtitle_key" value="q_Kill100"/>
			<property name="description_key" value="q_Kill100Desc"/>
			<property name="icon" value="ui_game_symbol_zombie"/>
			<property name="repeatable" value="true"/>
			<property name="add_to_tier_complete" value="false"/>
			<property name="category_key" value="quest"/>
			<property name="difficulty" value="easy"/>
			<property name="shareable" value="false"/>
			
				<objective type="EntityKill" entityflags="zombie" value="100"/>
				
			<reward type="Exp" value="10000"/>
			<reward type="Item" id="casinoCoin" value="2500"/>
		</quest>
		
		<quest id="q_Kill250">
			<property name="offer_key" value="q_Kill100Desc"/>
			<property name="name_key" value="q_Kill250"/>
			<property name="subtitle_key" value="q_Kill250"/>
			<property name="description_key" value="q_Kill250Desc"/>
			<property name="icon" value="ui_game_symbol_zombie"/>
			<property name="repeatable" value="true"/>
			<property name="add_to_tier_complete" value="false"/>
			<property name="category_key" value="quest"/>
			<property name="difficulty" value="easy"/>
			<property name="shareable" value="false"/>
			
				<objective type="EntityKill" entityflags="zombie" value="250"/>
				
			<reward type="Exp" value="25000"/>
			<reward type="Item" id="casinoCoin" value="7500"/>
			<reward type="SkillPoints" value="1"/>
		</quest>
		
	</append>

</Scomar82_SuBaS>

<!--
id="AllZombies,zombieArlene,zombieArleneFeral,zombieArleneRadiated,zombieMarlene,zombieMarlene,zombieMarlene,zombiePartyGirl,zombiePartyGirl,zombiePartyGirl,zombieNurse,zombieNurse,zombieNurse,zombieJoe,zombieJoe,zombieJoe,zombieSteve,zombieSteve,zombieSteve,zombieTomClark,zombieTomClark,zombieTomClark,zombieBusinessMan,zombieBusinessMan,zombieBusinessManzombieBurnt,zombieBurnt,zombieBurnt,zombieSpider,zombieSpider,zombieSpider,zombieBoe,zombieBoe,zombieBoe,zombieMaleHazmat,zombieMaleHazmat,zombieMaleHazmat,zombieJanitor,zombieJanitor,zombieJanitor,zombieInmate,zombieInmate,zombieInmate,zombieMoe,zombieMoe,zombieMoe,zombieLab,zombieLab,zombieLab,zombieDarlene,zombieDarlene,zombieDarlene,zombieYo,zombieYo,zombieYo,zombieUtilityWorker,zombieUtilityWorker,zombieUtilityWorker,zombieBiker,zombieBiker,zombieBiker,zombieLumberjack,zombieLumberjack,zombieLumberjack,zombieFemaleFat,zombieFemaleFat,zombieFemaleFat,zombieFatHawaiian,zombieFatHawaiian,zombieFatHawaiian,zombieBowler,zombieBowler,zombieBowler,zombieFatCop,zombieFatCop,zombieFatCop,zombieSkateboarder,zombieSkateboarder,zombieSkateboarder,zombieSoldier,zombieSoldier,zombieSoldier,zombieWightFeral,zombieWightRadiated,zombieScreamer,zombieScreamer,zombieScreamer,zombieMutated,zombieMutated,zombieMutated,zombieDemolition,zombieSteveCrawler,zombieSteveCrawlerFeral,animalZombieBear,animalDireWolf,animalZombieVulture,animalZombieVultureRadiated,animalZombieDog,
-->