<Scomar82_ChickenNest>

<append xpath="/items" >

	<item name="AnimalFeed">
		<property name="DescriptionKey" value="AnimalFeedDesc"/>
		<property name="CustomIcon" value="foodCornMeal"/>
		<property name="CustomIconTint" value="CC00CC"/>
		<property name="Meshfile" value="@:Other/Items/Misc/parcelPrefab.prefab"/>
		<property name="Material" value="Morganic" />
		<property name="HoldType" value="16" />
		<property name="CraftingIngredientTime" value="8" />
		<property name="Stacknumber" value="50" />
		<property class="Action1">
			<property name="Class" value="Repair"/>
			<property name="Repair_amount" value="50"/>
			<property name="Upgrade_hit_offset" value="-4"/>
			<property name="Sound_start" value="repair_block"/>
			<property name="Delay" value="1.3"/>
			<property name="Upgrade_action_sound" value="ImpactSurface/metalhitearth"/>
			<property name="Allowed_upgrade_items" value="AnimalFeed"/>
		</property>
		<effect_group name="Base Effects" tiered="false">
			<passive_effect name="MaxRange" operation="base_set" value="3"/>
			<passive_effect name="BlockRange" operation="base_set" value="3"/>
			<passive_effect name="EntityDamage" operation="base_set" value="0"/>
			<passive_effect name="BlockDamage" operation="base_set" value="0"/>
			<passive_effect name="AttacksPerMinute" operation="base_set" value="70"/>
			<passive_effect name="StaminaLoss" operation="base_set" value="0" tags="primary"/>
			<passive_effect name="DegradationMax" operation="base_set" value="100" />
			<passive_effect name="ModSlots" operation="base_set" value="0" />
		</effect_group>
		<property name="Group" value="Food/Cooking"/>
	</item>
	
</append>
		
</Scomar82_ChickenNest>