<Scomar82_ChickenNest>

<append xpath="/recipes" >

	<recipe name="AnimalFeed" count="10" craft_time="10">
			<ingredient name="foodCropCorn" count="3"/>
			<ingredient name="resourceYuccaFibers" count="6"/>
	</recipe>
	
	<recipe name="ChickenNestEmpty" craft_area="workbench" tags="learnable">
		<ingredient name="resourceYuccaFibers" count="50"/>
		<ingredient name="resourceWood" count="10"/>
		<ingredient name="resourceCloth" count="10"/>
		<ingredient name="resourceFeather" count="5"/>
	</recipe>
	
</append>
		
</Scomar82_ChickenNest>