<Scomar82_MunitionZerlegen>
	
	<append xpath="/items" >

		<!--9mm-->
		<item name="resourceBundle90Muni">
			<property name="CustomIcon" value="resourceBundle90Muni"/><property name="ItemTypeIcon" value="bundle"/>
			<property name="DescriptionKey" value="resourceBundle90MuniDesc"/>
			<property name="HoldType" value="45"/>
			<property name="Meshfile" value="#Other/Items?Misc/sackPrefab.prefab"/>
			<property name="DropMeshfile" value="#Other/Items?Misc/sack_droppedPrefab.prefab"/>
			<property name="Material" value="Mmetal"/>
			<property name="Stacknumber" value="10"/> <!-- STK ammobundle -->
			<property name="Weight" value="0"/>
			<property name="Group" value="Ammo/Weapons"/>
			<property class="Action0">
				<property name="Class" value="OpenBundle"/>
				<property name="Delay" value="0"/>
				<property name="Use_time" value="0"/>
				<property name="Sound_start" value="close_garbage"/>
				<property name="Create_item" value="resourceBulletCasing,resourceGunPowder,resourceBulletTip"/>
				<property name="Create_item_count" value="45,45,45"/>
				<!--
				This can spawn multiple item types and quantities. No randomness.
				<property name="Create_item" value="ammo9mmBulletBall,drinkCanRiverWater"/>
				<property name="Create_item_count" value="50,5"/>
				-->
			</property>
		</item>
		
		<item name="resourceBundle90MuniAP">
			<property name="Extends" value="resourceBundle90Muni"/>
			<property name="CustomIcon" value="resourceBundle90MuniAP"/>
			<property class="Action0">
				<property name="Create_item" value="resourceBulletCasing,resourceGunPowder,resourceBulletTip"/>
				<property name="Create_item_count" value="45,90,45"/>
			</property>
		</item>
		
		<item name="resourceBundle90MuniHP">
			<property name="Extends" value="resourceBundle90Muni"/>
			<property name="CustomIcon" value="resourceBundle90MuniHP"/>
			<property class="Action0">
				<property name="Create_item" value="resourceBulletCasing,resourceGunPowder,resourceBulletTip"/>
				<property name="Create_item_count" value="45,45,90"/>
			</property>
		</item>
		
		<!--.44 und 7.62-->	
		<item name="resourceBundle90Muni762_44">
			<property name="Extends" value="resourceBundle90Muni"/>
			<property name="CustomIcon" value="resourceBundle90Muni"/>
			<property class="Action0">
				<property name="Create_item" value="resourceBulletCasing,resourceGunPowder,resourceBulletTip"/>
				<property name="Create_item_count" value="45,135,45"/>
			</property>
		</item>
		
		<item name="resourceBundle90Muni762_44AP">
			<property name="Extends" value="resourceBundle90Muni"/>
			<property name="CustomIcon" value="resourceBundle90MuniAP"/>
			<property class="Action0">
				<property name="Create_item" value="resourceBulletCasing,resourceGunPowder,resourceBulletTip"/>
				<property name="Create_item_count" value="45,225,45"/>
			</property>
		</item>
		
		<item name="resourceBundle90Muni762_44HP">
			<property name="Extends" value="resourceBundle90Muni"/>
			<property name="CustomIcon" value="resourceBundle90MuniHP"/>
			<property class="Action0">
				<property name="Create_item" value="resourceBulletCasing,resourceGunPowder,resourceBulletTip"/>
				<property name="Create_item_count" value="45,135,90"/>
			</property>
		</item>
		
		<!--Schrot-->
		<item name="resourceBundle90MuniSchrot">
			<property name="Extends" value="resourceBundle90Muni"/>
			<property name="CustomIcon" value="resourceBundle90Schrot"/>
			<property class="Action0">
				<property name="Create_item" value="resourcePaper,resourceGunPowder,resourceBuckshot"/>
				<property name="Create_item_count" value="45,180,45"/>
			</property>
		</item>
		
		<item name="resourceBundle90MuniSchrotSlug">
			<property name="Extends" value="resourceBundle90Muni"/>
			<property name="CustomIcon" value="resourceBundle90Schrot"/>
			<property class="Action0">
				<property name="Create_item" value="resourceScrapPolymers,resourceGunPowder,resourceBulletTip"/>
				<property name="Create_item_count" value="45,180,90"/>
			</property>
		</item>
		
		<!--  xxxxxxxxxxxxxxxxxxxxxxxxxxxxxxxxxxxxxxxxxxxxxxxxxxxxxxxxxxxxxxxxxxxxxxxxxxxxxxxxxxxxxxxxxxxxxxxxxxxxxxxxxxxxxxxxxxxxxxxxxxx    -->
		
		<!--9mm für Werkbank-->		
		<item name="resourceBundle100Muni">
			<property name="Extends" value="resourceBundle90Muni"/>
			<property name="CustomIcon" value="resourceBundle100Muni"/>
			<property name="DescriptionKey" value="resourceBundle100MuniDesc"/>
			<property name="UnlockedBy" value="perkAdvancedEngineering"/>
			<property class="Action0">
				<property name="Create_item" value="resourceBulletCasing,resourceGunPowder,resourceBulletTip"/>
				<property name="Create_item_count" value="50,50,50"/>
			</property>
		</item>
		
		<item name="resourceBundle100MuniAP">
			<property name="Extends" value="resourceBundle90Muni"/>
			<property name="CustomIcon" value="resourceBundle100MuniAP"/>
			<property name="DescriptionKey" value="resourceBundle100MuniDesc"/>
			<property name="UnlockedBy" value="perkAdvancedEngineering"/>
			<property class="Action0">
				<property name="Create_item" value="resourceBulletCasing,resourceGunPowder,resourceBulletTip"/>
				<property name="Create_item_count" value="50,100,50"/>
			</property>
		</item>
		
		<item name="resourceBundle100MuniHP">
			<property name="Extends" value="resourceBundle90Muni"/>
			<property name="CustomIcon" value="resourceBundle100MuniHP"/>
			<property name="DescriptionKey" value="resourceBundle100MuniDesc"/>
			<property name="UnlockedBy" value="perkAdvancedEngineering"/>
			<property class="Action0">
				<property name="Create_item" value="resourceBulletCasing,resourceGunPowder,resourceBulletTip"/>
				<property name="Create_item_count" value="50,50,100"/>
			</property>
		</item>
		
		<!--.44 und 7.62 für werkbank-->
		<item name="resourceBundle100Muni762_44">
			<property name="Extends" value="resourceBundle90Muni"/>
			<property name="CustomIcon" value="resourceBundle100Muni"/>
			<property name="DescriptionKey" value="resourceBundle100MuniDesc"/>
			<property name="UnlockedBy" value="perkAdvancedEngineering"/>
			<property class="Action0">
				<property name="Create_item" value="resourceBulletCasing,resourceGunPowder,resourceBulletTip"/>
				<property name="Create_item_count" value="50,150,50"/>
			</property>
		</item>
		
		<item name="resourceBundle100Muni762_44AP">
			<property name="Extends" value="resourceBundle90Muni"/>
			<property name="CustomIcon" value="resourceBundle100MuniAP"/>
			<property name="DescriptionKey" value="resourceBundle100MuniDesc"/>
			<property name="UnlockedBy" value="perkAdvancedEngineering"/>
			<property class="Action0">
				<property name="Create_item" value="resourceBulletCasing,resourceGunPowder,resourceBulletTip"/>
				<property name="Create_item_count" value="50,250,50"/>
			</property>
		</item>
		
		<item name="resourceBundle100Muni762_44HP">
			<property name="Extends" value="resourceBundle90Muni"/>
			<property name="CustomIcon" value="resourceBundle100MuniHP"/>
			<property name="DescriptionKey" value="resourceBundle100MuniDesc"/>
			<property name="UnlockedBy" value="perkAdvancedEngineering"/>
			<property class="Action0">
				<property name="Create_item" value="resourceBulletCasing,resourceGunPowder,resourceBulletTip"/>
				<property name="Create_item_count" value="50,150,100"/>
			</property>
		</item>
		
		<!--Schrot für Werkbank-->
		<item name="resourceBundle100MuniSchrot">
			<property name="Extends" value="resourceBundle90Muni"/>
			<property name="CustomIcon" value="resourceBundle100Schrot"/>
			<property name="DescriptionKey" value="resourceBundle100MuniDesc"/>
			<property name="UnlockedBy" value="perkAdvancedEngineering"/>
			<property class="Action0">
				<property name="Create_item" value="resourcePaper,resourceGunPowder,resourceBuckshot"/>
				<property name="Create_item_count" value="50,200,50"/>
			</property>
		</item>
		
		<item name="resourceBundle100MuniSchrotSlug">
			<property name="Extends" value="resourceBundle90Muni"/>
			<property name="CustomIcon" value="resourceBundle100Schrot"/>
			<property name="DescriptionKey" value="resourceBundle100MuniDesc"/>
			<property name="UnlockedBy" value="perkAdvancedEngineering"/>
			<property class="Action0">
				<property name="Create_item" value="resourceScrapPolymers,resourceGunPowder,resourceBulletTip"/>
				<property name="Create_item_count" value="50,200,100"/>
			</property>
		</item>

	</append>
		
</Scomar82_MunitionZerlegen>