<?xml version="1.0" encoding="UTF-8"?>
<Scomar82_SchematicParts>

	<append xpath="/quests">

		<quest id="q_Kill100">
			<property name="name_key" value="q_Kill100"/>
			<property name="subtitle_key" value="q_Kill100"/>
			<property name="description_key" value="q_Kill100Desc"/>
			<property name="icon" value="ui_game_symbol_zombie"/>
			<property name="repeatable" value="true"/>
			<property name="category_key" value="challenge"/>
			<property name="offer_key" value="q_Kill100Desc"/>
			<property name="difficulty" value="easy"/>
			<property name="shareable" value="false"/>
				<objective type="ZombieKill" value="100"/>
			<reward type="Exp" value="10000"/>
			<reward type="Item" id="casinoCoin" value="1000"/>
		</quest>
		
		<quest id="q_Kill200">
			<property name="name_key" value="q_Kill200"/>
			<property name="subtitle_key" value="q_Kill200"/>
			<property name="description_key" value="q_Kill200Desc"/>
			<property name="icon" value="ui_game_symbol_zombie"/>
			<property name="repeatable" value="true"/>
			<property name="category_key" value="challenge"/>
			<property name="offer_key" value="q_Kill200Desc"/>
			<property name="difficulty" value="medium"/>
			<property name="shareable" value="false"/>
				<objective type="ZombieKill" value="200"/>
			<reward type="Exp" value="20000"/>
			<reward type="Item" id="casinoCoin" value="2600"/>
		</quest>
		
		<quest id="q_Kill250">
			<property name="name_key" value="q_Kill250"/>
			<property name="subtitle_key" value="q_Kill250"/>
			<property name="description_key" value="q_Kill250Desc"/>
			<property name="icon" value="ui_game_symbol_zombie"/>
			<property name="repeatable" value="true"/>
			<property name="category_key" value="challenge"/>
			<property name="offer_key" value="q_Kill250Desc"/>
			<property name="difficulty" value="medium"/>
			<property name="shareable" value="false"/>
				<objective type="ZombieKill" value="250"/>
			<reward type="Exp" value="25000"/>
			<reward type="Item" id="casinoCoin" value="3750"/>
			<reward type="SkillPoints" value="1"/>
		</quest>
		
	</append>

</Scomar82_SchematicParts>